{
    "Ravi Zone": [
      {
        "name": "Bundu Khan Ravi Road",
        "address": "65-Ravi Road, Lahore",
        "menu": "BBQ Platters, Chicken Karahi, Seekh Kebabs, Parathas",
        "cuisines": ["Pakistani", "BBQ"]
      },
      {
        "name": "Butt Karahi",
        "address": "Main Ravi Road, Lahore",
        "menu": "Chicken Karahi, Mutton Karahi, Naans",
        "cuisines": ["Pakistani"]
      },
      {
        "name": "Haveli Restaurant",
        "address": "Food Street, Fort Road, Lahore",
        "menu": "Traditional Pakistani, Tandoori Items, Biryani",
        "cuisines": ["Pakistani", "Tandoori"]
      },
      {
        "name": "Pak China Restaurant",
        "address": "Ravi Road opposite Azadi Chowk, Lahore",
        "menu": "Chinese Cuisine, Fried Rice, Manchurian, Soups",
        "cuisines": ["Chinese", "Asian"]
      },
      {
        "name": "Food Street Café",
        "address": "Near Badshahi Mosque, Lahore",
        "menu": "Tea, Coffee, Samosas, Chicken Sandwiches",
        "cuisines": ["Cafe", "Coffee", "Snacks"]
      },
      {
        "name": "MD Fast Food",
        "address": "Kareem Park, Ravi Road, Lahore",
        "menu": "Burgers, Fries, Fried Chicken",
        "cuisines": ["Fast Food"]
      },
      {
        "name": "Shinwari Fort",
        "address": "Gulshan Ravi, Lahore",
        "menu": "Iftar and Sehri Buffet with Traditional Dishes",
        "cuisines": ["Pakistani", "Buffet"]
      },
      {
        "name": "Zaitoon Take Away Express Restaurant",
        "address": "Plot 152, Block 2, Ravi Road, Lahore",
        "menu": "Burgers, Wraps, Fries",
        "cuisines": ["Fast Food"]
      },
      {
        "name": "Al Masoom Juice Corner",
        "address": "Lnk Ravi Road, Lahore",
        "menu": "Fresh Juices, Snacks",
        "cuisines": ["Fast Food"]
      },
      {
        "name": "Rabi Chinese Restaurant",
        "address": "Near Ravi Road, Lahore",
        "menu": "Chicken Manchurian, Fried Rice, Chow Mein",
        "cuisines": ["Chinese"]
      }    
    ],
    "Shalamar Zone": [
      {
        "name": "Shahi Baithak",
        "address": "Near Shalimar Gardens, Lahore",
        "menu": "Nihari, Paye, Chicken Sajji",
        "cuisines": ["Pakistani"]
      },
      {
        "name": "New Al Madina Biryani",
        "address": "Shalamar Link Road, Lahore",
        "menu": "Chicken Biryani, Beef Biryani, Raita",
        "cuisines": ["Pakistani", "Biryani"]
      },
      {
        "name": "Bismillah Fast Food",
        "address": "Shalamar Road, Lahore",
        "menu": "Burgers, Fries, Broast",
        "cuisines": ["Fast Food"]
      },
      {
        "name": "Chai Kada Cafe",
        "address": "Mughalpura, Lahore",
        "menu": "Variety of Teas, Parathas, Sweets",
        "cuisines": ["Cafe", "Coffee", "Tea"]
      },
      {
        "name": "Pak Ghazi Tikka House",
        "address": "Near Shalamar Hospital, Lahore",
        "menu": "BBQ Platters, Tikka, Grilled Fish",
        "cuisines": ["BBQ", "Pakistani"]
      }
    ],
    "Aziz Bhatti Zone": [
      {
        "name": "Sadiq Murgh Pulao",
        "address": "GT Road, near Aziz Bhatti Town, Lahore",
        "menu": "Chicken Pulao, Raita, Shami Kebabs",
        "cuisines": ["Pakistani", "Rice"]
      },
      {
        "name": "Spice Village Restaurant",
        "address": "Harbanspura Road, Lahore",
        "menu": "Traditional Pakistani Cuisine, BBQ",
        "cuisines": ["Pakistani", "BBQ"]
      },
      {
        "name": "Nosh-e-Khas",
        "address": "Near Askari 10, Lahore",
        "menu": "Desi Food, Burgers, Pasta",
        "cuisines": ["Pakistani", "Fast Food", "Italian"]
      },
      {
        "name": "The Patio Cafe",
        "address": "Harbanspura Road, Lahore",
        "menu": "Coffee, Desserts, Fast Food",
        "cuisines": ["Cafe", "Coffee", "Desserts"]
      },
      {
        "name": "Sajji House",
        "address": "Manawan, Lahore",
        "menu": "Chicken Sajji, Mutton Sajji, Rice Platters",
        "cuisines": ["Pakistani", "BBQ"]
      },
      {
        "name": "Ravi Restaurant",
        "address": "Saggian Road, near Dosaco Chowk, Kot Abdul Malik, Lahore",
        "menu": "Chicken Karahi, Daal Chana, Tea",
        "cuisines": ["Pakistani"]
      }    
    ],
    "Data Gunj Bakhsh Zone": [
      {
        "name": "Lakshmi Chowk Butt Karahi",
        "address": "Lakshmi Chowk, Lahore",
        "menu": "Chicken Karahi, BBQ, Naan",
        "cuisines": ["Pakistani", "BBQ"]
      },
      {
        "name": "Salt'n Pepper Village",
        "address": "Gulberg III (adjacent to Data Zone)",
        "menu": "Desi Buffet, BBQ, Desserts",
        "cuisines": ["Pakistani", "BBQ", "Buffet"]
      },
      {
        "name": "Tabaq Restaurant",
        "address": "Lakshmi Chowk, Lahore",
        "menu": "Chicken Broast, BBQ",
        "cuisines": ["Pakistani", "BBQ", "Fast Food"]
      },
      {
        "name": "Cafe Zouk",
        "address": "M.M. Alam Road",
        "menu": "Steaks, Sandwiches, Salads",
        "cuisines": ["Continental", "Cafe"]
      },
      {
        "name": "Bundu Khan Lakshmi Chowk",
        "address": "Lakshmi Chowk, Lahore",
        "menu": "BBQ, Seekh Kebabs, Parathas",
        "cuisines": ["Pakistani", "BBQ"]
      }
    ],
    "Samanabad Zone": [
      {
        "name": "Hafiz Restaurant",
        "address": "Samanabad Mor, Lahore",
        "menu": "Mutton Karahi, BBQ",
        "cuisines": ["Pakistani", "BBQ"]
      },
      {
        "name": "Ravi Restaurant",
        "address": "Poonch Road, Samanabad, Lahore",
        "menu": "Chicken Handi, Rice, Parathas",
        "cuisines": ["Pakistani"]
      },
      {
        "name": "Baba Tikka Shop",
        "address": "Main Samanabad Road",
        "menu": "BBQ, Tikkas, Rolls",
        "cuisines": ["BBQ", "Fast Food"]
      },
      {
        "name": "Cafe Shauk",
        "address": "Gulshan Ravi, Lahore",
        "menu": "Coffee, Fast Food, Sandwiches",
        "cuisines": ["Cafe", "Coffee", "Fast Food"]
      },
      {
        "name": "Tandoori Nights",
        "address": "Samanabad Main Boulevard",
        "menu": "BBQ, Tandoori Chicken, Naan",
        "cuisines": ["Pakistani", "BBQ", "Tandoori"]
      },
      {
        "name": "Yummy Delight Chinese",
        "address": "Gulshan Ravi, Lahore",
        "menu": "Chinese Cuisine, Fried Rice, Manchurian",
        "cuisines": ["Chinese", "Asian"]
      },
      {
        "name": "Royal Palace Hotel & Restaurant",
        "address": "Gulshan-e-Ravi, Lahore",
        "menu": "Sehri and Iftar Buffet with 150+ Dishes",
        "cuisines": ["Buffet", "Pakistani"]
      },
      {
        "name": "Domeno Pizza Hut",
        "address": "8-A Main Road, A Block, Gulshan-e-Ravi, Lahore",
        "menu": "Pizzas, Garlic Bread, Soft Drinks",
        "cuisines": ["Fast Food"]
      },
      {
        "name": "A-one Pizza & Fast Food",
        "address": "140-A Main Boulevard, Gulshan-e-Ravi, Lahore",
        "menu": "Pizzas, Burgers, Fries",
        "cuisines": ["Fast Food"]
      }    
    ],
    "Gulberg Zone": [
      {
        "name": "Cosa Nostra",
        "address": "M.M. Alam Road, Gulberg III, Lahore",
        "menu": "Italian Cuisine, Pizza, Pasta",
        "cuisines": ["Italian"]
      },
      {
        "name": "Freddy's Cafe",
        "address": "M.M. Alam Road",
        "menu": "Steaks, Burgers, Pasta",
        "cuisines": ["Continental", "Fast Food", "Cafe"]
      },
      {
        "name": "Butt Sweets & Restaurant",
        "address": "Gulberg II, Lahore",
        "menu": "Desi Breakfast, BBQ, Sweets",
        "cuisines": ["Pakistani", "BBQ", "Desserts"]
      },
      {
        "name": "Coffee Tea and Company",
        "address": "Y Block DHA, adjacent to Gulberg Zone",
        "menu": "Coffee, Cakes, Sandwiches",
        "cuisines": ["Cafe", "Coffee", "Desserts"]
      },
      {
        "name": "Tuscany Courtyard",
        "address": "Gulberg III, Lahore",
        "menu": "Continental Cuisine, Italian Food",
        "cuisines": ["Italian", "Continental"]
      },
      {
        "name": "Taoyuan Chinese Restaurant",
        "address": "Gulberg, Lahore",
        "menu": "Authentic Chinese Cuisine",
        "cuisines": ["Chinese", "Asian"]
      },
      {
        "name": "The Carnival All Day Buffet",
        "address": "118-P Block, MM Alam Road, Gulberg II, Lahore",
        "menu": "Buffet with Pakistani, Continental, and Asian Dishes",
        "cuisines": ["Buffet", "Pakistani", "Continental", "Asian"]
      }
    ],
    "Wahga Zone": [
      {
        "name": "Wahga Border Food Court",
        "address": "Wahga Border Road, Lahore",
        "menu": "Fast Food, Traditional Meals",
        "cuisines": ["Pakistani", "Fast Food"]
      },
      {
        "name": "Pak Village Restaurant",
        "address": "Wahga Town",
        "menu": "Pakistani, BBQ, Biryani",
        "cuisines": ["Pakistani", "BBQ", "Biryani"]
      },
      {
        "name": "Border Chai Cafe",
        "address": "Near Border, Lahore",
        "menu": "Tea, Pakoras, Snacks",
        "cuisines": ["Cafe", "Tea", "Snacks"]
      },
      {
        "name": "Royal Desi Diner",
        "address": "Barki Road, Wahga Town",
        "menu": "Pakistani, Continental Food",
        "cuisines": ["Pakistani", "Continental"]
      },
      {
        "name": "Bismillah BBQ & Fast Food",
        "address": "G.T. Road, Wahga Side",
        "menu": "BBQ, Fried Chicken, Rice",
        "cuisines": ["BBQ", "Fast Food", "Pakistani"]
      }
    ],
    "Allama Iqbal Zone": [
      {
        "name": "Karahi Express",
        "address": "Allama Iqbal Town, Lahore",
        "menu": "Chicken Karahi, Handi, BBQ",
        "cuisines": ["Pakistani", "BBQ"]
      },
      {
        "name": "Cock 'N' Bull",
        "address": "Karim Block, Allama Iqbal Town",
        "menu": "Fried Chicken, Broast, Fries",
        "cuisines": ["Fast Food"]
      },
      {
        "name": "Malmo Cafe",
        "address": "College Block, Lahore",
        "menu": "Coffee, Burgers, Fast Food",
        "cuisines": ["Cafe", "Coffee", "Fast Food"]
      },
      {
        "name": "New Butt Sweets & Restaurant",
        "address": "Gulshan-e-Iqbal, Lahore",
        "menu": "Sweets, Traditional Meals",
        "cuisines": ["Pakistani", "Desserts"]
      },
      {
        "name": "Tandoori Grill",
        "address": "Moon Market, Lahore",
        "menu": "Tandoori Chicken, Naans, BBQ",
        "cuisines": ["Pakistani", "BBQ", "Tandoori"]
      },
      {
        "name": "Pizza 21",
        "address": "Allama Iqbal Town, Lahore",
        "menu": "Pizzas, Pastas, Appetizers",
        "cuisines": ["Italian", "Fast Food"]
      },
      {
        "name": "McDonald's Allama Iqbal Town",
        "address": "Allama Iqbal Town, Lahore",
        "menu": "Burgers, Fries, Shakes",
        "cuisines": ["Fast Food"]
      }    
    ],
    "Nishtar Zone": [
      {
        "name": "Mazang Darbar",
        "address": "Multan Road, Lahore",
        "menu": "Nihari, Paye, BBQ",
        "cuisines": ["Pakistani", "BBQ"]
      },
      {
        "name": "Usmania Restaurant",
        "address": "Wahdat Road, Lahore",
        "menu": "Pakistani, Continental Meals",
        "cuisines": ["Pakistani", "Continental"]
      },
      {
        "name": "Chai Station",
        "address": "Near MAO College, Lahore",
        "menu": "Tea, Parathas, Pakoras",
        "cuisines": ["Cafe", "Tea", "Snacks"]
      },
      {
        "name": "Bhatti Tikka Shop",
        "address": "Sabzazar, Lahore",
        "menu": "BBQ, Tikkas, Rolls",
        "cuisines": ["BBQ", "Fast Food"]
      },
      {
        "name": "Cafe Aylanto",
        "address": "Gulberg III (easily accessible to Nishtar Zone)",
        "menu": "Italian, Continental, Salads",
        "cuisines": ["Italian", "Continental", "Cafe"]
      }
    ],
      "DHA Zone": [
      {
        "name": "Napoli Restaurant",
        "address": "142-CCA, Phase 5, DHA, Lahore",
        "menu": "Italian Cuisine, Pizza, Pasta",
        "cuisines": ["Italian"]
      },
      {
        "name": "The Garden of Eve",
        "address": "229 FF CCA, DHA Phase 4, Lahore",
        "menu": "Continental Dishes, Steaks, Salads",
        "cuisines": ["Continental"]
      },
      {
        "name": "Spice Bazaar",
        "address": "58 MB, Main Boulevard, Sector H, Phase 6, DHA, Lahore",
        "menu": "Traditional Pakistani, BBQ, Karahi",
        "cuisines": ["Pakistani"]
      },
      {
        "name": "Extraction Coffee",
        "address": "23-P, Mushtaq Gurmani Road, DHA, Lahore",
        "menu": "Specialty Coffee, Desserts, Snacks",
        "cuisines": ["Coffee", "Cafe"]
      },
      {
        "name": "Yum Chinese and Thai",
        "address": "72-Z, Phase 3, DHA, Lahore",
        "menu": "Chinese and Thai Cuisine, Fried Rice, Soups",
        "cuisines": ["Chinese"]
      },
      {
        "name": "Asian Wok",
        "address": "Building 66, Defence Raya Golf Resort, Sector M, DHA Phase 6, Lahore",
        "menu": "Asian Fusion, Sushi, Noodles",
        "cuisines": ["Asian"]
      },
      {
        "name": "BRGR",
        "address": "DHA Phase 5, Lahore",
        "menu": "Burgers, Fries, Shakes",
        "cuisines": ["Fast Food"]
      }
    ]
  }
  
  